-- Generated by python3 tools/product_data/build.py. Do not hand edit.
-- Product checksum: fa02110ca21aa0cc32ccdd99d571d7944079b407e8f878f119ba38ced4178f18

insert into catalog.versions (id, product_checksum) values ('v1', 'fa02110ca21aa0cc32ccdd99d571d7944079b407e8f878f119ba38ced4178f18');

insert into catalog.chains (id, global_order, chain_type, theme, continuity, catalog_version) values
  ('CHAIN-N-001', 1, 'normal', '余烬火狐', '炭黑、赤橙与金色；尾焰、火星、额心晶核', 'v1'),
  ('CHAIN-N-002', 2, 'normal', '溪流水獭', '浅蓝与沧蓝；水泡、潮纹、浪花披肩', 'v1'),
  ('CHAIN-N-003', 3, 'normal', '苔原灵兔', '苔绿与叶青；苔耳、藤蔓、蕨叶冠', 'v1'),
  ('CHAIN-N-004', 4, 'normal', '山岩甲龟', '灰岩与地脉金；卵石甲、层岩、山岳背甲', 'v1'),
  ('CHAIN-N-005', 5, 'normal', '青空风雀', '淡青与云白；风绒、风刃翼、环形云带', 'v1'),
  ('CHAIN-N-006', 6, 'normal', '月灯幻蛾', '奶白与银蓝；灯触角、月纹翼、彩色光幕', 'v1'),
  ('CHAIN-N-007', 7, 'normal', '雷尾电鼠', '金棕与蓝白；电须、折线雷尾、雷环', 'v1'),
  ('CHAIN-N-008', 8, 'normal', '金沙龙蜥', '浅金与琥珀；沙鳞、风蚀背棘、沙暴帷幕', 'v1'),
  ('CHAIN-N-009', 9, 'normal', '极光企鹅', '雪白与冰蓝；雪绒、冰冠、极光斗篷', 'v1'),
  ('CHAIN-N-010', 10, 'normal', '翠竹武熊', '黑白与翠绿；嫩竹、竹节护腕、竹甲气刃', 'v1'),
  ('CHAIN-N-011', 11, 'normal', '赤潮珊蟹', '珊瑚红与海蓝；珊瑚芽、礁甲、潮浪王冠', 'v1'),
  ('CHAIN-N-012', 12, 'normal', '森庭角鹿', '嫩绿与花白；芽角、花冠、树冠巨角', 'v1'),
  ('CHAIN-N-013', 13, 'normal', '天幕云羊', '云白与雨蓝；蓬云毛、霭角、晴空光环', 'v1'),
  ('CHAIN-N-014', 14, 'normal', '深海墨鱿', '紫黑与荧蓝；墨珠、触腕旋涡、暗潮王座', 'v1'),
  ('CHAIN-N-015', 15, 'normal', '熔金角甲', '铜色与熔金；锤纹甲、锻造角、熔金重甲', 'v1'),
  ('CHAIN-N-016', 16, 'normal', '青泉荷蛙', '嫩绿与莲粉；露珠、荷冠、水莲座', 'v1'),
  ('CHAIN-N-017', 17, 'normal', '灰烬浣熊', '炭灰与赤红；炭纹尾、灰焰、焦木肩甲', 'v1'),
  ('CHAIN-N-018', 18, 'normal', '极夜雪鸮', '雪白与夜蓝；冰眸、霜翼、极夜冰月', 'v1'),
  ('CHAIN-N-019', 19, 'normal', '琥珀蜂群', '蜜金与琥珀；蜜滴腹、晶格翼、蜂巢光环', 'v1'),
  ('CHAIN-N-020', 20, 'normal', '地脉岩豚', '泥棕与土黄；泥鼻、陶甲、地脉裂纹', 'v1'),
  ('CHAIN-N-021', 21, 'normal', '碧泽芦猫', '灰绿与碧青；芦叶、湿地波纹、芦花鬃', 'v1'),
  ('CHAIN-N-022', 22, 'normal', '曦光金翎', '橙黄与金红；晨光羽、旭日冠、曦光长尾', 'v1'),
  ('CHAIN-N-023', 23, 'normal', '蚀月夜蝠', '深蓝与暗红；弯月耳、暮光翼、月蚀圆环', 'v1'),
  ('CHAIN-N-024', 24, 'normal', '森藏松鼠', '果棕与针叶绿；橡果、飞膜、果实宝囊', 'v1'),
  ('CHAIN-N-025', 25, 'normal', '虹幕水母', '透明青与虹彩；荧光点、镜海伞、七色光带', 'v1'),
  ('CHAIN-N-026', 26, 'normal', '寒梅影猞', '浅灰与梅粉；梅斑、霜枝、花瓣冰影', 'v1'),
  ('CHAIN-N-027', 27, 'normal', '雪岭天牦', '灰白与冰青；雾绒、云峰背脊、雪山巨角', 'v1'),
  ('CHAIN-N-028', 28, 'normal', '火山帝螈', '黑岩与熔橙；火芽、熔纹、火山晶棘', 'v1'),
  ('CHAIN-N-029', 29, 'normal', '碧池莲鸭', '浅黄与莲粉；荷叶帽、莲冠、水莲尾屏', 'v1'),
  ('CHAIN-N-030', 30, 'normal', '晶窟巨鼹', '深棕与彩晶；晶爪、矿脊、晶簇重甲', 'v1'),
  ('CHAIN-N-031', 31, 'normal', '茶境灵狸', '米棕与茶绿；茶叶耳、香雾尾、旋叶冠', 'v1'),
  ('CHAIN-N-032', 32, 'normal', '蓝海歌豚', '浅蓝与深海蓝；音符水泡、声波环、鲸歌光带', 'v1'),
  ('CHAIN-N-033', 33, 'normal', '古森龙壁', '翠绿与古木棕；蕨尾、藤甲、森林图腾', 'v1'),
  ('CHAIN-N-034', 34, 'normal', '云糖飞鼯', '奶白与蜜金；糖片翼、蜜色风迹、彩云甜雾', 'v1'),
  ('CHAIN-N-035', 35, 'normal', '苍松甲猬', '褐色与苍绿；松果刺、针叶甲、卷身堡垒', 'v1'),
  ('CHAIN-N-036', 36, 'normal', '天雨玄鹭', '灰蓝与乌青；雨滴羽、雨线纹、细雨帘', 'v1'),
  ('CHAIN-N-037', 37, 'normal', '醇香森猿', '可可棕与暖金；可可果、豆荚甲、芳香金粉', 'v1'),
  ('CHAIN-N-038', 38, 'normal', '五曜星冠', '橙色与五彩晶光；星砂、潮汐宝石、五曜光冠', 'v1'),
  ('CHAIN-N-039', 39, 'normal', '珊宫宝蜗', '乳白与珠光彩；扇贝壳、珍珠环、珊瑚宫壳', 'v1'),
  ('CHAIN-N-040', 40, 'normal', '天幕巨鳐', '海蓝与云白；风筝翼、云帆、天幕云带', 'v1'),
  ('CHAIN-A-001', 41, 'advanced', '九霄冰狐', '银白与冷蓝；霜璃足、冰镜双尾、九尾晶霜', 'v1'),
  ('CHAIN-A-002', 42, 'advanced', '天罚雷狮', '深金与紫电；雷角、雷铠鬃、贯天闪电', 'v1'),
  ('CHAIN-A-003', 43, 'advanced', '镇海苍蛟', '青碧与苍蓝；潮鳍、水浪背脊、海啸龙环', 'v1'),
  ('CHAIN-A-004', 44, 'advanced', '冥月玄鸦', '玄黑与月银；影纹羽、夜雾翼、冥月王冠', 'v1'),
  ('CHAIN-A-005', 45, 'advanced', '烈阳圣鹿', '赤褐与熔金；火苗角、日纹背、太阳轮巨角', 'v1'),
  ('CHAIN-A-006', 46, 'advanced', '幻晶蝶后', '透明晶与七彩光；棱晶翼、镜花纹、万花镜阵', 'v1'),
  ('CHAIN-A-007', 47, 'advanced', '擎岳神猿', '灰岩与地心赤；石心、山铠、峰岩王冠', 'v1'),
  ('CHAIN-A-008', 48, 'advanced', '星陨猎豹', '深蓝与银紫；星点皮毛、曜星额、流星鬃', 'v1'),
  ('CHAIN-A-009', 49, 'advanced', '九天风鹤', '白青与天蓝；风铃羽、声波翼、九重风环', 'v1'),
  ('CHAIN-A-010', 50, 'advanced', '紫冥蝎王', '紫黑与幽蓝；荧毒尾、晶棘甲、暗毒月轮', 'v1'),
  ('CHAIN-A-011', 51, 'advanced', '深渊歌鲸', '蓝灰与星海蓝；水音符、穹幕鳍、深渊声环', 'v1'),
  ('CHAIN-A-012', 52, 'advanced', '苍穹帝鹰', '金棕与曜金；亮金羽、曜金胸甲、天空冠羽', 'v1'),
  ('CHAIN-A-013', 53, 'advanced', '啸月狼皇', '银灰与月白；月桂叶、月焰鬃、三重银月', 'v1'),
  ('CHAIN-A-014', 54, 'advanced', '熔城巨犀', '黑铁与白热赤；炉芯角、赤钢甲、熔炉城垛', 'v1'),
  ('CHAIN-A-015', 55, 'advanced', '永梦灵貘', '粉灰与梦彩；梦砂、梦境旋涡、云床梦泡', 'v1'),
  ('CHAIN-A-016', 56, 'advanced', '苍炎蛇皇', '青黑与碧蓝焰；无热火鳞、碧火背鳍、苍焰王冠', 'v1'),
  ('CHAIN-A-017', 57, 'advanced', '百花圣鹿', '纯白与万花彩；花镜角、晶花枝、旋转花庭', 'v1'),
  ('CHAIN-A-018', 58, 'advanced', '北辰巨熊', '黑白与极光彩；磁石掌、悬浮磁环、北辰光带', 'v1'),
  ('CHAIN-A-019', 59, 'advanced', '星河天鹅', '银白与银河蓝；镜面水羽、星湖翼、银河尾羽', 'v1'),
  ('CHAIN-A-020', 60, 'advanced', '天工圣猫', '铜白与机关金；耳侧齿轮、发光机芯、天工轮盘', 'v1'),
  ('CHAIN-T-001', 61, 'top', '创界星神龙', '白金与宇宙蓝；曙星核、星座巨翼、创界六翼光轮', 'v1'),
  ('CHAIN-T-002', 62, 'top', '无垠虚空鲸', '深紫与星云彩；虚空裂纹、空间鲸身、世界门尾鳍', 'v1'),
  ('CHAIN-T-003', 63, 'top', '永昼太阳神凰', '赤金与白金焰；日冕、四翼天火、六翼太阳盘', 'v1'),
  ('CHAIN-T-004', 64, 'top', '太阴月神狐', '银蓝与蚀月黑；弯月额纹、九尾蚀环、满月双轮', 'v1'),
  ('CHAIN-T-005', 65, 'top', '万古时轮神龟', '青铜与时间金；纪元刻度、转动岁轮、时钟天穹', 'v1'),
  ('CHAIN-T-006', 66, 'top', '混沌创世神狮', '黑白与创世金；双色雾鬃、光暗界面、世界核心鬃轮', 'v1'),
  ('CHAIN-T-007', 67, 'top', '森罗宇宙神鹿', '深青与星河彩；星河幼角、银河树角、宇宙森林巨角', 'v1'),
  ('CHAIN-T-008', 68, 'top', '万雷天劫麒麟', '蓝金与劫雷紫；细雷鳞、九霄雷云、天劫审判轮', 'v1'),
  ('CHAIN-T-009', 69, 'top', '无光深渊神蛇', '漆黑与幽蓝；深海光鳞、破碎海沟、吞星黑潮', 'v1'),
  ('CHAIN-T-010', 70, 'top', '命运法则神蝶', '乳金与因果红；对称法纹、因果丝、无限法则翼', 'v1');

insert into catalog.templates (id, chain_id, stage, rarity, name, sort_order, combat_power, market_price, decompose_fgems, expedition_fgems, image_thumbnail_path, image_detail_path, draw_weight, catalog_version) values
  ('PET-N-001-1', 'CHAIN-N-001', 1, 'common', '炭尾狐', 1, 101, 4, 2, 1, '/assets/catalog/v1/thumb/pet-n-001-1.webp', '/assets/catalog/v1/detail/pet-n-001-1.webp', 1, 'v1'),
  ('PET-N-001-2', 'CHAIN-N-001', 2, 'rare', '焰鬃狐', 2, 242, 12, 12, 2, '/assets/catalog/v1/thumb/pet-n-001-2.webp', '/assets/catalog/v1/detail/pet-n-001-2.webp', 1, 'v1'),
  ('PET-N-001-3', 'CHAIN-N-001', 3, 'epic', '赤曜火狐', 3, 543, 60, 60, 6, '/assets/catalog/v1/thumb/pet-n-001-3.webp', '/assets/catalog/v1/detail/pet-n-001-3.webp', 1, 'v1'),
  ('PET-N-002-1', 'CHAIN-N-002', 1, 'common', '溪泡獭', 4, 102, 4, 2, 1, '/assets/catalog/v1/thumb/pet-n-002-1.webp', '/assets/catalog/v1/detail/pet-n-002-1.webp', 1, 'v1'),
  ('PET-N-002-2', 'CHAIN-N-002', 2, 'rare', '潮纹獭', 5, 244, 12, 12, 2, '/assets/catalog/v1/thumb/pet-n-002-2.webp', '/assets/catalog/v1/detail/pet-n-002-2.webp', 1, 'v1'),
  ('PET-N-002-3', 'CHAIN-N-002', 3, 'epic', '沧浪王獭', 6, 546, 60, 60, 6, '/assets/catalog/v1/thumb/pet-n-002-3.webp', '/assets/catalog/v1/detail/pet-n-002-3.webp', 1, 'v1'),
  ('PET-N-003-1', 'CHAIN-N-003', 1, 'common', '苔耳兔', 7, 103, 4, 2, 1, '/assets/catalog/v1/thumb/pet-n-003-1.webp', '/assets/catalog/v1/detail/pet-n-003-1.webp', 1, 'v1'),
  ('PET-N-003-2', 'CHAIN-N-003', 2, 'rare', '森跃兔', 8, 246, 12, 12, 2, '/assets/catalog/v1/thumb/pet-n-003-2.webp', '/assets/catalog/v1/detail/pet-n-003-2.webp', 1, 'v1'),
  ('PET-N-003-3', 'CHAIN-N-003', 3, 'epic', '翠冠灵兔', 9, 549, 60, 60, 6, '/assets/catalog/v1/thumb/pet-n-003-3.webp', '/assets/catalog/v1/detail/pet-n-003-3.webp', 1, 'v1'),
  ('PET-N-004-1', 'CHAIN-N-004', 1, 'common', '砾甲龟', 10, 104, 4, 2, 1, '/assets/catalog/v1/thumb/pet-n-004-1.webp', '/assets/catalog/v1/detail/pet-n-004-1.webp', 1, 'v1'),
  ('PET-N-004-2', 'CHAIN-N-004', 2, 'rare', '岩垒龟', 11, 248, 12, 12, 2, '/assets/catalog/v1/thumb/pet-n-004-2.webp', '/assets/catalog/v1/detail/pet-n-004-2.webp', 1, 'v1'),
  ('PET-N-004-3', 'CHAIN-N-004', 3, 'epic', '玄岳巨龟', 12, 552, 60, 60, 6, '/assets/catalog/v1/thumb/pet-n-004-3.webp', '/assets/catalog/v1/detail/pet-n-004-3.webp', 1, 'v1'),
  ('PET-N-005-1', 'CHAIN-N-005', 1, 'common', '风绒雀', 13, 105, 4, 2, 1, '/assets/catalog/v1/thumb/pet-n-005-1.webp', '/assets/catalog/v1/detail/pet-n-005-1.webp', 1, 'v1'),
  ('PET-N-005-2', 'CHAIN-N-005', 2, 'rare', '岚翼雀', 14, 250, 12, 12, 2, '/assets/catalog/v1/thumb/pet-n-005-2.webp', '/assets/catalog/v1/detail/pet-n-005-2.webp', 1, 'v1'),
  ('PET-N-005-3', 'CHAIN-N-005', 3, 'epic', '青穹翔雀', 15, 555, 60, 60, 6, '/assets/catalog/v1/thumb/pet-n-005-3.webp', '/assets/catalog/v1/detail/pet-n-005-3.webp', 1, 'v1'),
  ('PET-N-006-1', 'CHAIN-N-006', 1, 'common', '灯粉蛾', 16, 106, 4, 2, 1, '/assets/catalog/v1/thumb/pet-n-006-1.webp', '/assets/catalog/v1/detail/pet-n-006-1.webp', 1, 'v1'),
  ('PET-N-006-2', 'CHAIN-N-006', 2, 'rare', '月灯蛾', 17, 252, 12, 12, 2, '/assets/catalog/v1/thumb/pet-n-006-2.webp', '/assets/catalog/v1/detail/pet-n-006-2.webp', 1, 'v1'),
  ('PET-N-006-3', 'CHAIN-N-006', 3, 'epic', '辉幕幻蛾', 18, 558, 60, 60, 6, '/assets/catalog/v1/thumb/pet-n-006-3.webp', '/assets/catalog/v1/detail/pet-n-006-3.webp', 1, 'v1'),
  ('PET-N-007-1', 'CHAIN-N-007', 1, 'common', '电须鼠', 19, 107, 4, 2, 1, '/assets/catalog/v1/thumb/pet-n-007-1.webp', '/assets/catalog/v1/detail/pet-n-007-1.webp', 1, 'v1'),
  ('PET-N-007-2', 'CHAIN-N-007', 2, 'rare', '霆尾鼠', 20, 254, 12, 12, 2, '/assets/catalog/v1/thumb/pet-n-007-2.webp', '/assets/catalog/v1/detail/pet-n-007-2.webp', 1, 'v1'),
  ('PET-N-007-3', 'CHAIN-N-007', 3, 'epic', '雷极迅鼠', 21, 561, 60, 60, 6, '/assets/catalog/v1/thumb/pet-n-007-3.webp', '/assets/catalog/v1/detail/pet-n-007-3.webp', 1, 'v1'),
  ('PET-N-008-1', 'CHAIN-N-008', 1, 'common', '沙鳞蜥', 22, 108, 4, 2, 1, '/assets/catalog/v1/thumb/pet-n-008-1.webp', '/assets/catalog/v1/detail/pet-n-008-1.webp', 1, 'v1'),
  ('PET-N-008-2', 'CHAIN-N-008', 2, 'rare', '漠脊蜥', 23, 256, 12, 12, 2, '/assets/catalog/v1/thumb/pet-n-008-2.webp', '/assets/catalog/v1/detail/pet-n-008-2.webp', 1, 'v1'),
  ('PET-N-008-3', 'CHAIN-N-008', 3, 'epic', '金尘龙蜥', 24, 564, 60, 60, 6, '/assets/catalog/v1/thumb/pet-n-008-3.webp', '/assets/catalog/v1/detail/pet-n-008-3.webp', 1, 'v1'),
  ('PET-N-009-1', 'CHAIN-N-009', 1, 'common', '雪团企鹅', 25, 109, 4, 2, 1, '/assets/catalog/v1/thumb/pet-n-009-1.webp', '/assets/catalog/v1/detail/pet-n-009-1.webp', 1, 'v1'),
  ('PET-N-009-2', 'CHAIN-N-009', 2, 'rare', '冰冠企鹅', 26, 258, 12, 12, 2, '/assets/catalog/v1/thumb/pet-n-009-2.webp', '/assets/catalog/v1/detail/pet-n-009-2.webp', 1, 'v1'),
  ('PET-N-009-3', 'CHAIN-N-009', 3, 'epic', '极光帝企鹅', 27, 567, 60, 60, 6, '/assets/catalog/v1/thumb/pet-n-009-3.webp', '/assets/catalog/v1/detail/pet-n-009-3.webp', 1, 'v1'),
  ('PET-N-010-1', 'CHAIN-N-010', 1, 'common', '竹团熊', 28, 110, 4, 2, 1, '/assets/catalog/v1/thumb/pet-n-010-1.webp', '/assets/catalog/v1/detail/pet-n-010-1.webp', 1, 'v1'),
  ('PET-N-010-2', 'CHAIN-N-010', 2, 'rare', '翠拳熊', 29, 260, 12, 12, 2, '/assets/catalog/v1/thumb/pet-n-010-2.webp', '/assets/catalog/v1/detail/pet-n-010-2.webp', 1, 'v1'),
  ('PET-N-010-3', 'CHAIN-N-010', 3, 'epic', '青竹武熊', 30, 570, 60, 60, 6, '/assets/catalog/v1/thumb/pet-n-010-3.webp', '/assets/catalog/v1/detail/pet-n-010-3.webp', 1, 'v1'),
  ('PET-N-011-1', 'CHAIN-N-011', 1, 'common', '珊钳蟹', 31, 111, 4, 2, 1, '/assets/catalog/v1/thumb/pet-n-011-1.webp', '/assets/catalog/v1/detail/pet-n-011-1.webp', 1, 'v1'),
  ('PET-N-011-2', 'CHAIN-N-011', 2, 'rare', '礁甲蟹', 32, 262, 12, 12, 2, '/assets/catalog/v1/thumb/pet-n-011-2.webp', '/assets/catalog/v1/detail/pet-n-011-2.webp', 1, 'v1'),
  ('PET-N-011-3', 'CHAIN-N-011', 3, 'epic', '赤潮巨蟹', 33, 573, 60, 60, 6, '/assets/catalog/v1/thumb/pet-n-011-3.webp', '/assets/catalog/v1/detail/pet-n-011-3.webp', 1, 'v1'),
  ('PET-N-012-1', 'CHAIN-N-012', 1, 'common', '芽角鹿', 34, 112, 4, 2, 1, '/assets/catalog/v1/thumb/pet-n-012-1.webp', '/assets/catalog/v1/detail/pet-n-012-1.webp', 1, 'v1'),
  ('PET-N-012-2', 'CHAIN-N-012', 2, 'rare', '花冠鹿', 35, 264, 12, 12, 2, '/assets/catalog/v1/thumb/pet-n-012-2.webp', '/assets/catalog/v1/detail/pet-n-012-2.webp', 1, 'v1'),
  ('PET-N-012-3', 'CHAIN-N-012', 3, 'epic', '森庭圣鹿', 36, 576, 60, 60, 6, '/assets/catalog/v1/thumb/pet-n-012-3.webp', '/assets/catalog/v1/detail/pet-n-012-3.webp', 1, 'v1'),
  ('PET-N-013-1', 'CHAIN-N-013', 1, 'common', '云绒羊', 37, 113, 4, 2, 1, '/assets/catalog/v1/thumb/pet-n-013-1.webp', '/assets/catalog/v1/detail/pet-n-013-1.webp', 1, 'v1'),
  ('PET-N-013-2', 'CHAIN-N-013', 2, 'rare', '霭角羊', 38, 266, 12, 12, 2, '/assets/catalog/v1/thumb/pet-n-013-2.webp', '/assets/catalog/v1/detail/pet-n-013-2.webp', 1, 'v1'),
  ('PET-N-013-3', 'CHAIN-N-013', 3, 'epic', '天幕云羊', 39, 579, 60, 60, 6, '/assets/catalog/v1/thumb/pet-n-013-3.webp', '/assets/catalog/v1/detail/pet-n-013-3.webp', 1, 'v1'),
  ('PET-N-014-1', 'CHAIN-N-014', 1, 'common', '墨点鱿', 40, 114, 4, 2, 1, '/assets/catalog/v1/thumb/pet-n-014-1.webp', '/assets/catalog/v1/detail/pet-n-014-1.webp', 1, 'v1'),
  ('PET-N-014-2', 'CHAIN-N-014', 2, 'rare', '墨旋鱿', 41, 268, 12, 12, 2, '/assets/catalog/v1/thumb/pet-n-014-2.webp', '/assets/catalog/v1/detail/pet-n-014-2.webp', 1, 'v1'),
  ('PET-N-014-3', 'CHAIN-N-014', 3, 'epic', '深海墨皇', 42, 582, 60, 60, 6, '/assets/catalog/v1/thumb/pet-n-014-3.webp', '/assets/catalog/v1/detail/pet-n-014-3.webp', 1, 'v1'),
  ('PET-N-015-1', 'CHAIN-N-015', 1, 'common', '铜壳甲', 43, 115, 4, 2, 1, '/assets/catalog/v1/thumb/pet-n-015-1.webp', '/assets/catalog/v1/detail/pet-n-015-1.webp', 1, 'v1'),
  ('PET-N-015-2', 'CHAIN-N-015', 2, 'rare', '锻角甲', 44, 270, 12, 12, 2, '/assets/catalog/v1/thumb/pet-n-015-2.webp', '/assets/catalog/v1/detail/pet-n-015-2.webp', 1, 'v1'),
  ('PET-N-015-3', 'CHAIN-N-015', 3, 'epic', '熔金战甲', 45, 585, 60, 60, 6, '/assets/catalog/v1/thumb/pet-n-015-3.webp', '/assets/catalog/v1/detail/pet-n-015-3.webp', 1, 'v1'),
  ('PET-N-016-1', 'CHAIN-N-016', 1, 'common', '露珠蛙', 46, 116, 4, 2, 1, '/assets/catalog/v1/thumb/pet-n-016-1.webp', '/assets/catalog/v1/detail/pet-n-016-1.webp', 1, 'v1'),
  ('PET-N-016-2', 'CHAIN-N-016', 2, 'rare', '荷冠蛙', 47, 272, 12, 12, 2, '/assets/catalog/v1/thumb/pet-n-016-2.webp', '/assets/catalog/v1/detail/pet-n-016-2.webp', 1, 'v1'),
  ('PET-N-016-3', 'CHAIN-N-016', 3, 'epic', '青泉灵蛙', 48, 588, 60, 60, 6, '/assets/catalog/v1/thumb/pet-n-016-3.webp', '/assets/catalog/v1/detail/pet-n-016-3.webp', 1, 'v1'),
  ('PET-N-017-1', 'CHAIN-N-017', 1, 'common', '烬纹浣熊', 49, 117, 4, 2, 1, '/assets/catalog/v1/thumb/pet-n-017-1.webp', '/assets/catalog/v1/detail/pet-n-017-1.webp', 1, 'v1'),
  ('PET-N-017-2', 'CHAIN-N-017', 2, 'rare', '灰焰浣熊', 50, 274, 12, 12, 2, '/assets/catalog/v1/thumb/pet-n-017-2.webp', '/assets/catalog/v1/detail/pet-n-017-2.webp', 1, 'v1'),
  ('PET-N-017-3', 'CHAIN-N-017', 3, 'epic', '焚林火浣', 51, 591, 60, 60, 6, '/assets/catalog/v1/thumb/pet-n-017-3.webp', '/assets/catalog/v1/detail/pet-n-017-3.webp', 1, 'v1'),
  ('PET-N-018-1', 'CHAIN-N-018', 1, 'common', '雪眸鸮', 52, 118, 4, 2, 1, '/assets/catalog/v1/thumb/pet-n-018-1.webp', '/assets/catalog/v1/detail/pet-n-018-1.webp', 1, 'v1'),
  ('PET-N-018-2', 'CHAIN-N-018', 2, 'rare', '霜翼鸮', 53, 276, 12, 12, 2, '/assets/catalog/v1/thumb/pet-n-018-2.webp', '/assets/catalog/v1/detail/pet-n-018-2.webp', 1, 'v1'),
  ('PET-N-018-3', 'CHAIN-N-018', 3, 'epic', '极夜雪鸮', 54, 594, 60, 60, 6, '/assets/catalog/v1/thumb/pet-n-018-3.webp', '/assets/catalog/v1/detail/pet-n-018-3.webp', 1, 'v1'),
  ('PET-N-019-1', 'CHAIN-N-019', 1, 'common', '蜜绒蜂', 55, 119, 4, 2, 1, '/assets/catalog/v1/thumb/pet-n-019-1.webp', '/assets/catalog/v1/detail/pet-n-019-1.webp', 1, 'v1'),
  ('PET-N-019-2', 'CHAIN-N-019', 2, 'rare', '金巢蜂', 56, 278, 12, 12, 2, '/assets/catalog/v1/thumb/pet-n-019-2.webp', '/assets/catalog/v1/detail/pet-n-019-2.webp', 1, 'v1'),
  ('PET-N-019-3', 'CHAIN-N-019', 3, 'epic', '琥珀蜂后', 57, 597, 60, 60, 6, '/assets/catalog/v1/thumb/pet-n-019-3.webp', '/assets/catalog/v1/detail/pet-n-019-3.webp', 1, 'v1'),
  ('PET-N-020-1', 'CHAIN-N-020', 1, 'common', '泥鼻豚', 58, 120, 4, 2, 1, '/assets/catalog/v1/thumb/pet-n-020-1.webp', '/assets/catalog/v1/detail/pet-n-020-1.webp', 1, 'v1'),
  ('PET-N-020-2', 'CHAIN-N-020', 2, 'rare', '陶甲豚', 59, 280, 12, 12, 2, '/assets/catalog/v1/thumb/pet-n-020-2.webp', '/assets/catalog/v1/detail/pet-n-020-2.webp', 1, 'v1'),
  ('PET-N-020-3', 'CHAIN-N-020', 3, 'epic', '地脉岩豚', 60, 600, 60, 60, 6, '/assets/catalog/v1/thumb/pet-n-020-3.webp', '/assets/catalog/v1/detail/pet-n-020-3.webp', 1, 'v1'),
  ('PET-N-021-1', 'CHAIN-N-021', 1, 'common', '芦影猫', 61, 121, 4, 2, 1, '/assets/catalog/v1/thumb/pet-n-021-1.webp', '/assets/catalog/v1/detail/pet-n-021-1.webp', 1, 'v1'),
  ('PET-N-021-2', 'CHAIN-N-021', 2, 'rare', '沼纹猫', 62, 282, 12, 12, 2, '/assets/catalog/v1/thumb/pet-n-021-2.webp', '/assets/catalog/v1/detail/pet-n-021-2.webp', 1, 'v1'),
  ('PET-N-021-3', 'CHAIN-N-021', 3, 'epic', '碧泽灵猫', 63, 603, 60, 60, 6, '/assets/catalog/v1/thumb/pet-n-021-3.webp', '/assets/catalog/v1/detail/pet-n-021-3.webp', 1, 'v1'),
  ('PET-N-022-1', 'CHAIN-N-022', 1, 'common', '晨羽雏', 64, 122, 4, 2, 1, '/assets/catalog/v1/thumb/pet-n-022-1.webp', '/assets/catalog/v1/detail/pet-n-022-1.webp', 1, 'v1'),
  ('PET-N-022-2', 'CHAIN-N-022', 2, 'rare', '旭冠鸟', 65, 284, 12, 12, 2, '/assets/catalog/v1/thumb/pet-n-022-2.webp', '/assets/catalog/v1/detail/pet-n-022-2.webp', 1, 'v1'),
  ('PET-N-022-3', 'CHAIN-N-022', 3, 'epic', '曦光金翎', 66, 606, 60, 60, 6, '/assets/catalog/v1/thumb/pet-n-022-3.webp', '/assets/catalog/v1/detail/pet-n-022-3.webp', 1, 'v1'),
  ('PET-N-023-1', 'CHAIN-N-023', 1, 'common', '月耳蝠', 67, 123, 4, 2, 1, '/assets/catalog/v1/thumb/pet-n-023-1.webp', '/assets/catalog/v1/detail/pet-n-023-1.webp', 1, 'v1'),
  ('PET-N-023-2', 'CHAIN-N-023', 2, 'rare', '暮翼蝠', 68, 286, 12, 12, 2, '/assets/catalog/v1/thumb/pet-n-023-2.webp', '/assets/catalog/v1/detail/pet-n-023-2.webp', 1, 'v1'),
  ('PET-N-023-3', 'CHAIN-N-023', 3, 'epic', '蚀月夜蝠', 69, 609, 60, 60, 6, '/assets/catalog/v1/thumb/pet-n-023-3.webp', '/assets/catalog/v1/detail/pet-n-023-3.webp', 1, 'v1'),
  ('PET-N-024-1', 'CHAIN-N-024', 1, 'common', '橡果松鼠', 70, 124, 4, 2, 1, '/assets/catalog/v1/thumb/pet-n-024-1.webp', '/assets/catalog/v1/detail/pet-n-024-1.webp', 1, 'v1'),
  ('PET-N-024-2', 'CHAIN-N-024', 2, 'rare', '松针飞鼠', 71, 288, 12, 12, 2, '/assets/catalog/v1/thumb/pet-n-024-2.webp', '/assets/catalog/v1/detail/pet-n-024-2.webp', 1, 'v1'),
  ('PET-N-024-3', 'CHAIN-N-024', 3, 'epic', '森藏王鼠', 72, 612, 60, 60, 6, '/assets/catalog/v1/thumb/pet-n-024-3.webp', '/assets/catalog/v1/detail/pet-n-024-3.webp', 1, 'v1'),
  ('PET-N-025-1', 'CHAIN-N-025', 1, 'common', '琉光水母', 73, 125, 4, 2, 1, '/assets/catalog/v1/thumb/pet-n-025-1.webp', '/assets/catalog/v1/detail/pet-n-025-1.webp', 1, 'v1'),
  ('PET-N-025-2', 'CHAIN-N-025', 2, 'rare', '镜海水母', 74, 290, 12, 12, 2, '/assets/catalog/v1/thumb/pet-n-025-2.webp', '/assets/catalog/v1/detail/pet-n-025-2.webp', 1, 'v1'),
  ('PET-N-025-3', 'CHAIN-N-025', 3, 'epic', '虹幕水母', 75, 615, 60, 60, 6, '/assets/catalog/v1/thumb/pet-n-025-3.webp', '/assets/catalog/v1/detail/pet-n-025-3.webp', 1, 'v1'),
  ('PET-N-026-1', 'CHAIN-N-026', 1, 'common', '梅斑猞', 76, 126, 4, 2, 1, '/assets/catalog/v1/thumb/pet-n-026-1.webp', '/assets/catalog/v1/detail/pet-n-026-1.webp', 1, 'v1'),
  ('PET-N-026-2', 'CHAIN-N-026', 2, 'rare', '霜梅猞', 77, 292, 12, 12, 2, '/assets/catalog/v1/thumb/pet-n-026-2.webp', '/assets/catalog/v1/detail/pet-n-026-2.webp', 1, 'v1'),
  ('PET-N-026-3', 'CHAIN-N-026', 3, 'epic', '寒梅影猞', 78, 618, 60, 60, 6, '/assets/catalog/v1/thumb/pet-n-026-3.webp', '/assets/catalog/v1/detail/pet-n-026-3.webp', 1, 'v1'),
  ('PET-N-027-1', 'CHAIN-N-027', 1, 'common', '雾绒牦', 79, 127, 4, 2, 1, '/assets/catalog/v1/thumb/pet-n-027-1.webp', '/assets/catalog/v1/detail/pet-n-027-1.webp', 1, 'v1'),
  ('PET-N-027-2', 'CHAIN-N-027', 2, 'rare', '云脊牦', 80, 294, 12, 12, 2, '/assets/catalog/v1/thumb/pet-n-027-2.webp', '/assets/catalog/v1/detail/pet-n-027-2.webp', 1, 'v1'),
  ('PET-N-027-3', 'CHAIN-N-027', 3, 'epic', '雪岭天牦', 81, 621, 60, 60, 6, '/assets/catalog/v1/thumb/pet-n-027-3.webp', '/assets/catalog/v1/detail/pet-n-027-3.webp', 1, 'v1'),
  ('PET-N-028-1', 'CHAIN-N-028', 1, 'common', '火芽螈', 82, 128, 4, 2, 1, '/assets/catalog/v1/thumb/pet-n-028-1.webp', '/assets/catalog/v1/detail/pet-n-028-1.webp', 1, 'v1'),
  ('PET-N-028-2', 'CHAIN-N-028', 2, 'rare', '熔纹螈', 83, 296, 12, 12, 2, '/assets/catalog/v1/thumb/pet-n-028-2.webp', '/assets/catalog/v1/detail/pet-n-028-2.webp', 1, 'v1'),
  ('PET-N-028-3', 'CHAIN-N-028', 3, 'epic', '火山帝螈', 84, 624, 60, 60, 6, '/assets/catalog/v1/thumb/pet-n-028-3.webp', '/assets/catalog/v1/detail/pet-n-028-3.webp', 1, 'v1'),
  ('PET-N-029-1', 'CHAIN-N-029', 1, 'common', '荷叶鸭', 85, 129, 4, 2, 1, '/assets/catalog/v1/thumb/pet-n-029-1.webp', '/assets/catalog/v1/detail/pet-n-029-1.webp', 1, 'v1'),
  ('PET-N-029-2', 'CHAIN-N-029', 2, 'rare', '莲冠鸭', 86, 298, 12, 12, 2, '/assets/catalog/v1/thumb/pet-n-029-2.webp', '/assets/catalog/v1/detail/pet-n-029-2.webp', 1, 'v1'),
  ('PET-N-029-3', 'CHAIN-N-029', 3, 'epic', '碧池莲皇', 87, 627, 60, 60, 6, '/assets/catalog/v1/thumb/pet-n-029-3.webp', '/assets/catalog/v1/detail/pet-n-029-3.webp', 1, 'v1'),
  ('PET-N-030-1', 'CHAIN-N-030', 1, 'common', '晶爪鼹', 88, 130, 4, 2, 1, '/assets/catalog/v1/thumb/pet-n-030-1.webp', '/assets/catalog/v1/detail/pet-n-030-1.webp', 1, 'v1'),
  ('PET-N-030-2', 'CHAIN-N-030', 2, 'rare', '矿脊鼹', 89, 300, 12, 12, 2, '/assets/catalog/v1/thumb/pet-n-030-2.webp', '/assets/catalog/v1/detail/pet-n-030-2.webp', 1, 'v1'),
  ('PET-N-030-3', 'CHAIN-N-030', 3, 'epic', '晶窟巨鼹', 90, 630, 60, 60, 6, '/assets/catalog/v1/thumb/pet-n-030-3.webp', '/assets/catalog/v1/detail/pet-n-030-3.webp', 1, 'v1'),
  ('PET-N-031-1', 'CHAIN-N-031', 1, 'common', '茶耳狸', 91, 131, 4, 2, 1, '/assets/catalog/v1/thumb/pet-n-031-1.webp', '/assets/catalog/v1/detail/pet-n-031-1.webp', 1, 'v1'),
  ('PET-N-031-2', 'CHAIN-N-031', 2, 'rare', '香雾狸', 92, 302, 12, 12, 2, '/assets/catalog/v1/thumb/pet-n-031-2.webp', '/assets/catalog/v1/detail/pet-n-031-2.webp', 1, 'v1'),
  ('PET-N-031-3', 'CHAIN-N-031', 3, 'epic', '茶境灵狸', 93, 633, 60, 60, 6, '/assets/catalog/v1/thumb/pet-n-031-3.webp', '/assets/catalog/v1/detail/pet-n-031-3.webp', 1, 'v1'),
  ('PET-N-032-1', 'CHAIN-N-032', 1, 'common', '哨音豚', 94, 132, 4, 2, 1, '/assets/catalog/v1/thumb/pet-n-032-1.webp', '/assets/catalog/v1/detail/pet-n-032-1.webp', 1, 'v1'),
  ('PET-N-032-2', 'CHAIN-N-032', 2, 'rare', '潮笛豚', 95, 304, 12, 12, 2, '/assets/catalog/v1/thumb/pet-n-032-2.webp', '/assets/catalog/v1/detail/pet-n-032-2.webp', 1, 'v1'),
  ('PET-N-032-3', 'CHAIN-N-032', 3, 'epic', '蓝海歌豚', 96, 636, 60, 60, 6, '/assets/catalog/v1/thumb/pet-n-032-3.webp', '/assets/catalog/v1/detail/pet-n-032-3.webp', 1, 'v1'),
  ('PET-N-033-1', 'CHAIN-N-033', 1, 'common', '蕨尾壁虎', 97, 133, 4, 2, 1, '/assets/catalog/v1/thumb/pet-n-033-1.webp', '/assets/catalog/v1/detail/pet-n-033-1.webp', 1, 'v1'),
  ('PET-N-033-2', 'CHAIN-N-033', 2, 'rare', '藤甲壁虎', 98, 306, 12, 12, 2, '/assets/catalog/v1/thumb/pet-n-033-2.webp', '/assets/catalog/v1/detail/pet-n-033-2.webp', 1, 'v1'),
  ('PET-N-033-3', 'CHAIN-N-033', 3, 'epic', '古森龙壁', 99, 639, 60, 60, 6, '/assets/catalog/v1/thumb/pet-n-033-3.webp', '/assets/catalog/v1/detail/pet-n-033-3.webp', 1, 'v1'),
  ('PET-N-034-1', 'CHAIN-N-034', 1, 'common', '糖翼鼯', 100, 134, 4, 2, 1, '/assets/catalog/v1/thumb/pet-n-034-1.webp', '/assets/catalog/v1/detail/pet-n-034-1.webp', 1, 'v1'),
  ('PET-N-034-2', 'CHAIN-N-034', 2, 'rare', '蜜风鼯', 101, 308, 12, 12, 2, '/assets/catalog/v1/thumb/pet-n-034-2.webp', '/assets/catalog/v1/detail/pet-n-034-2.webp', 1, 'v1'),
  ('PET-N-034-3', 'CHAIN-N-034', 3, 'epic', '云糖飞鼯', 102, 642, 60, 60, 6, '/assets/catalog/v1/thumb/pet-n-034-3.webp', '/assets/catalog/v1/detail/pet-n-034-3.webp', 1, 'v1'),
  ('PET-N-035-1', 'CHAIN-N-035', 1, 'common', '松果刺猬', 103, 135, 4, 2, 1, '/assets/catalog/v1/thumb/pet-n-035-1.webp', '/assets/catalog/v1/detail/pet-n-035-1.webp', 1, 'v1'),
  ('PET-N-035-2', 'CHAIN-N-035', 2, 'rare', '针叶刺猬', 104, 310, 12, 12, 2, '/assets/catalog/v1/thumb/pet-n-035-2.webp', '/assets/catalog/v1/detail/pet-n-035-2.webp', 1, 'v1'),
  ('PET-N-035-3', 'CHAIN-N-035', 3, 'epic', '苍松甲猬', 105, 645, 60, 60, 6, '/assets/catalog/v1/thumb/pet-n-035-3.webp', '/assets/catalog/v1/detail/pet-n-035-3.webp', 1, 'v1'),
  ('PET-N-036-1', 'CHAIN-N-036', 1, 'common', '雨羽鹭', 106, 136, 4, 2, 1, '/assets/catalog/v1/thumb/pet-n-036-1.webp', '/assets/catalog/v1/detail/pet-n-036-1.webp', 1, 'v1'),
  ('PET-N-036-2', 'CHAIN-N-036', 2, 'rare', '霖翎鹭', 107, 312, 12, 12, 2, '/assets/catalog/v1/thumb/pet-n-036-2.webp', '/assets/catalog/v1/detail/pet-n-036-2.webp', 1, 'v1'),
  ('PET-N-036-3', 'CHAIN-N-036', 3, 'epic', '天雨玄鹭', 108, 648, 60, 60, 6, '/assets/catalog/v1/thumb/pet-n-036-3.webp', '/assets/catalog/v1/detail/pet-n-036-3.webp', 1, 'v1'),
  ('PET-N-037-1', 'CHAIN-N-037', 1, 'common', '可可猿', 109, 137, 4, 2, 1, '/assets/catalog/v1/thumb/pet-n-037-1.webp', '/assets/catalog/v1/detail/pet-n-037-1.webp', 1, 'v1'),
  ('PET-N-037-2', 'CHAIN-N-037', 2, 'rare', '豆甲猿', 110, 314, 12, 12, 2, '/assets/catalog/v1/thumb/pet-n-037-2.webp', '/assets/catalog/v1/detail/pet-n-037-2.webp', 1, 'v1'),
  ('PET-N-037-3', 'CHAIN-N-037', 3, 'epic', '醇香森猿', 111, 651, 60, 60, 6, '/assets/catalog/v1/thumb/pet-n-037-3.webp', '/assets/catalog/v1/detail/pet-n-037-3.webp', 1, 'v1'),
  ('PET-N-038-1', 'CHAIN-N-038', 1, 'common', '星砂海星', 112, 138, 4, 2, 1, '/assets/catalog/v1/thumb/pet-n-038-1.webp', '/assets/catalog/v1/detail/pet-n-038-1.webp', 1, 'v1'),
  ('PET-N-038-2', 'CHAIN-N-038', 2, 'rare', '晶潮海星', 113, 316, 12, 12, 2, '/assets/catalog/v1/thumb/pet-n-038-2.webp', '/assets/catalog/v1/detail/pet-n-038-2.webp', 1, 'v1'),
  ('PET-N-038-3', 'CHAIN-N-038', 3, 'epic', '五曜星冠', 114, 654, 60, 60, 6, '/assets/catalog/v1/thumb/pet-n-038-3.webp', '/assets/catalog/v1/detail/pet-n-038-3.webp', 1, 'v1'),
  ('PET-N-039-1', 'CHAIN-N-039', 1, 'common', '贝壳蜗', 115, 139, 4, 2, 1, '/assets/catalog/v1/thumb/pet-n-039-1.webp', '/assets/catalog/v1/detail/pet-n-039-1.webp', 1, 'v1'),
  ('PET-N-039-2', 'CHAIN-N-039', 2, 'rare', '珠纹蜗', 116, 318, 12, 12, 2, '/assets/catalog/v1/thumb/pet-n-039-2.webp', '/assets/catalog/v1/detail/pet-n-039-2.webp', 1, 'v1'),
  ('PET-N-039-3', 'CHAIN-N-039', 3, 'epic', '珊宫宝蜗', 117, 657, 60, 60, 6, '/assets/catalog/v1/thumb/pet-n-039-3.webp', '/assets/catalog/v1/detail/pet-n-039-3.webp', 1, 'v1'),
  ('PET-N-040-1', 'CHAIN-N-040', 1, 'common', '风筝鳐', 118, 140, 4, 2, 1, '/assets/catalog/v1/thumb/pet-n-040-1.webp', '/assets/catalog/v1/detail/pet-n-040-1.webp', 1, 'v1'),
  ('PET-N-040-2', 'CHAIN-N-040', 2, 'rare', '云帆鳐', 119, 320, 12, 12, 2, '/assets/catalog/v1/thumb/pet-n-040-2.webp', '/assets/catalog/v1/detail/pet-n-040-2.webp', 1, 'v1'),
  ('PET-N-040-3', 'CHAIN-N-040', 3, 'epic', '天幕巨鳐', 120, 660, 60, 60, 6, '/assets/catalog/v1/thumb/pet-n-040-3.webp', '/assets/catalog/v1/detail/pet-n-040-3.webp', 1, 'v1'),
  ('PET-A-001-1', 'CHAIN-A-001', 1, 'rare', '霜璃狐', 121, 303, 14, 10, 2, '/assets/catalog/v1/thumb/pet-a-001-1.webp', '/assets/catalog/v1/detail/pet-a-001-1.webp', 1, 'v1'),
  ('PET-A-001-2', 'CHAIN-A-001', 2, 'epic', '寒镜灵狐', 122, 725, 70, 45, 6, '/assets/catalog/v1/thumb/pet-a-001-2.webp', '/assets/catalog/v1/detail/pet-a-001-2.webp', 1, 'v1'),
  ('PET-A-001-3', 'CHAIN-A-001', 3, 'legendary', '九霄冰狐', 123, 1610, 160, 240, 18, '/assets/catalog/v1/thumb/pet-a-001-3.webp', '/assets/catalog/v1/detail/pet-a-001-3.webp', 1, 'v1'),
  ('PET-A-002-1', 'CHAIN-A-002', 1, 'rare', '雷角狮', 124, 306, 14, 10, 2, '/assets/catalog/v1/thumb/pet-a-002-1.webp', '/assets/catalog/v1/detail/pet-a-002-1.webp', 1, 'v1'),
  ('PET-A-002-2', 'CHAIN-A-002', 2, 'epic', '霆铠狮', 125, 730, 70, 45, 6, '/assets/catalog/v1/thumb/pet-a-002-2.webp', '/assets/catalog/v1/detail/pet-a-002-2.webp', 1, 'v1'),
  ('PET-A-002-3', 'CHAIN-A-002', 3, 'legendary', '天罚雷狮', 126, 1620, 160, 240, 18, '/assets/catalog/v1/thumb/pet-a-002-3.webp', '/assets/catalog/v1/detail/pet-a-002-3.webp', 1, 'v1'),
  ('PET-A-003-1', 'CHAIN-A-003', 1, 'rare', '碧潮蛟', 127, 309, 14, 10, 2, '/assets/catalog/v1/thumb/pet-a-003-1.webp', '/assets/catalog/v1/detail/pet-a-003-1.webp', 1, 'v1'),
  ('PET-A-003-2', 'CHAIN-A-003', 2, 'epic', '沧海蛟', 128, 735, 70, 45, 6, '/assets/catalog/v1/thumb/pet-a-003-2.webp', '/assets/catalog/v1/detail/pet-a-003-2.webp', 1, 'v1'),
  ('PET-A-003-3', 'CHAIN-A-003', 3, 'legendary', '镇海苍蛟', 129, 1630, 160, 240, 18, '/assets/catalog/v1/thumb/pet-a-003-3.webp', '/assets/catalog/v1/detail/pet-a-003-3.webp', 1, 'v1'),
  ('PET-A-004-1', 'CHAIN-A-004', 1, 'rare', '影羽鸦', 130, 312, 14, 10, 2, '/assets/catalog/v1/thumb/pet-a-004-1.webp', '/assets/catalog/v1/detail/pet-a-004-1.webp', 1, 'v1'),
  ('PET-A-004-2', 'CHAIN-A-004', 2, 'epic', '夜幕鸦', 131, 740, 70, 45, 6, '/assets/catalog/v1/thumb/pet-a-004-2.webp', '/assets/catalog/v1/detail/pet-a-004-2.webp', 1, 'v1'),
  ('PET-A-004-3', 'CHAIN-A-004', 3, 'legendary', '冥月玄鸦', 132, 1640, 160, 240, 18, '/assets/catalog/v1/thumb/pet-a-004-3.webp', '/assets/catalog/v1/detail/pet-a-004-3.webp', 1, 'v1'),
  ('PET-A-005-1', 'CHAIN-A-005', 1, 'rare', '炎角鹿', 133, 315, 14, 10, 2, '/assets/catalog/v1/thumb/pet-a-005-1.webp', '/assets/catalog/v1/detail/pet-a-005-1.webp', 1, 'v1'),
  ('PET-A-005-2', 'CHAIN-A-005', 2, 'epic', '熔冠鹿', 134, 745, 70, 45, 6, '/assets/catalog/v1/thumb/pet-a-005-2.webp', '/assets/catalog/v1/detail/pet-a-005-2.webp', 1, 'v1'),
  ('PET-A-005-3', 'CHAIN-A-005', 3, 'legendary', '烈阳圣鹿', 135, 1650, 160, 240, 18, '/assets/catalog/v1/thumb/pet-a-005-3.webp', '/assets/catalog/v1/detail/pet-a-005-3.webp', 1, 'v1'),
  ('PET-A-006-1', 'CHAIN-A-006', 1, 'rare', '晶翼蝶', 136, 318, 14, 10, 2, '/assets/catalog/v1/thumb/pet-a-006-1.webp', '/assets/catalog/v1/detail/pet-a-006-1.webp', 1, 'v1'),
  ('PET-A-006-2', 'CHAIN-A-006', 2, 'epic', '镜华蝶', 137, 750, 70, 45, 6, '/assets/catalog/v1/thumb/pet-a-006-2.webp', '/assets/catalog/v1/detail/pet-a-006-2.webp', 1, 'v1'),
  ('PET-A-006-3', 'CHAIN-A-006', 3, 'legendary', '幻晶蝶后', 138, 1660, 160, 240, 18, '/assets/catalog/v1/thumb/pet-a-006-3.webp', '/assets/catalog/v1/detail/pet-a-006-3.webp', 1, 'v1'),
  ('PET-A-007-1', 'CHAIN-A-007', 1, 'rare', '岩心猿', 139, 321, 14, 10, 2, '/assets/catalog/v1/thumb/pet-a-007-1.webp', '/assets/catalog/v1/detail/pet-a-007-1.webp', 1, 'v1'),
  ('PET-A-007-2', 'CHAIN-A-007', 2, 'epic', '山铠猿', 140, 755, 70, 45, 6, '/assets/catalog/v1/thumb/pet-a-007-2.webp', '/assets/catalog/v1/detail/pet-a-007-2.webp', 1, 'v1'),
  ('PET-A-007-3', 'CHAIN-A-007', 3, 'legendary', '擎岳神猿', 141, 1670, 160, 240, 18, '/assets/catalog/v1/thumb/pet-a-007-3.webp', '/assets/catalog/v1/detail/pet-a-007-3.webp', 1, 'v1'),
  ('PET-A-008-1', 'CHAIN-A-008', 1, 'rare', '星纹豹', 142, 324, 14, 10, 2, '/assets/catalog/v1/thumb/pet-a-008-1.webp', '/assets/catalog/v1/detail/pet-a-008-1.webp', 1, 'v1'),
  ('PET-A-008-2', 'CHAIN-A-008', 2, 'epic', '曜影豹', 143, 760, 70, 45, 6, '/assets/catalog/v1/thumb/pet-a-008-2.webp', '/assets/catalog/v1/detail/pet-a-008-2.webp', 1, 'v1'),
  ('PET-A-008-3', 'CHAIN-A-008', 3, 'legendary', '星陨猎豹', 144, 1680, 160, 240, 18, '/assets/catalog/v1/thumb/pet-a-008-3.webp', '/assets/catalog/v1/detail/pet-a-008-3.webp', 1, 'v1'),
  ('PET-A-009-1', 'CHAIN-A-009', 1, 'rare', '风铃鹤', 145, 327, 14, 10, 2, '/assets/catalog/v1/thumb/pet-a-009-1.webp', '/assets/catalog/v1/detail/pet-a-009-1.webp', 1, 'v1'),
  ('PET-A-009-2', 'CHAIN-A-009', 2, 'epic', '岚音鹤', 146, 765, 70, 45, 6, '/assets/catalog/v1/thumb/pet-a-009-2.webp', '/assets/catalog/v1/detail/pet-a-009-2.webp', 1, 'v1'),
  ('PET-A-009-3', 'CHAIN-A-009', 3, 'legendary', '九天风鹤', 147, 1690, 160, 240, 18, '/assets/catalog/v1/thumb/pet-a-009-3.webp', '/assets/catalog/v1/detail/pet-a-009-3.webp', 1, 'v1'),
  ('PET-A-010-1', 'CHAIN-A-010', 1, 'rare', '毒棘蝎', 148, 330, 14, 10, 2, '/assets/catalog/v1/thumb/pet-a-010-1.webp', '/assets/catalog/v1/detail/pet-a-010-1.webp', 1, 'v1'),
  ('PET-A-010-2', 'CHAIN-A-010', 2, 'epic', '幽棘蝎', 149, 770, 70, 45, 6, '/assets/catalog/v1/thumb/pet-a-010-2.webp', '/assets/catalog/v1/detail/pet-a-010-2.webp', 1, 'v1'),
  ('PET-A-010-3', 'CHAIN-A-010', 3, 'legendary', '紫冥蝎王', 150, 1700, 160, 240, 18, '/assets/catalog/v1/thumb/pet-a-010-3.webp', '/assets/catalog/v1/detail/pet-a-010-3.webp', 1, 'v1'),
  ('PET-A-011-1', 'CHAIN-A-011', 1, 'rare', '潮歌鲸', 151, 333, 14, 10, 2, '/assets/catalog/v1/thumb/pet-a-011-1.webp', '/assets/catalog/v1/detail/pet-a-011-1.webp', 1, 'v1'),
  ('PET-A-011-2', 'CHAIN-A-011', 2, 'epic', '蓝穹鲸', 152, 775, 70, 45, 6, '/assets/catalog/v1/thumb/pet-a-011-2.webp', '/assets/catalog/v1/detail/pet-a-011-2.webp', 1, 'v1'),
  ('PET-A-011-3', 'CHAIN-A-011', 3, 'legendary', '深渊歌鲸', 153, 1710, 160, 240, 18, '/assets/catalog/v1/thumb/pet-a-011-3.webp', '/assets/catalog/v1/detail/pet-a-011-3.webp', 1, 'v1'),
  ('PET-A-012-1', 'CHAIN-A-012', 1, 'rare', '金羽鹰', 154, 336, 14, 10, 2, '/assets/catalog/v1/thumb/pet-a-012-1.webp', '/assets/catalog/v1/detail/pet-a-012-1.webp', 1, 'v1'),
  ('PET-A-012-2', 'CHAIN-A-012', 2, 'epic', '曜金鹰', 155, 780, 70, 45, 6, '/assets/catalog/v1/thumb/pet-a-012-2.webp', '/assets/catalog/v1/detail/pet-a-012-2.webp', 1, 'v1'),
  ('PET-A-012-3', 'CHAIN-A-012', 3, 'legendary', '苍穹帝鹰', 156, 1720, 160, 240, 18, '/assets/catalog/v1/thumb/pet-a-012-3.webp', '/assets/catalog/v1/detail/pet-a-012-3.webp', 1, 'v1'),
  ('PET-A-013-1', 'CHAIN-A-013', 1, 'rare', '月桂狼', 157, 339, 14, 10, 2, '/assets/catalog/v1/thumb/pet-a-013-1.webp', '/assets/catalog/v1/detail/pet-a-013-1.webp', 1, 'v1'),
  ('PET-A-013-2', 'CHAIN-A-013', 2, 'epic', '银月狼', 158, 785, 70, 45, 6, '/assets/catalog/v1/thumb/pet-a-013-2.webp', '/assets/catalog/v1/detail/pet-a-013-2.webp', 1, 'v1'),
  ('PET-A-013-3', 'CHAIN-A-013', 3, 'legendary', '啸月狼皇', 159, 1730, 160, 240, 18, '/assets/catalog/v1/thumb/pet-a-013-3.webp', '/assets/catalog/v1/detail/pet-a-013-3.webp', 1, 'v1'),
  ('PET-A-014-1', 'CHAIN-A-014', 1, 'rare', '熔炉犀', 160, 342, 14, 10, 2, '/assets/catalog/v1/thumb/pet-a-014-1.webp', '/assets/catalog/v1/detail/pet-a-014-1.webp', 1, 'v1'),
  ('PET-A-014-2', 'CHAIN-A-014', 2, 'epic', '赤钢犀', 161, 790, 70, 45, 6, '/assets/catalog/v1/thumb/pet-a-014-2.webp', '/assets/catalog/v1/detail/pet-a-014-2.webp', 1, 'v1'),
  ('PET-A-014-3', 'CHAIN-A-014', 3, 'legendary', '熔城巨犀', 162, 1740, 160, 240, 18, '/assets/catalog/v1/thumb/pet-a-014-3.webp', '/assets/catalog/v1/detail/pet-a-014-3.webp', 1, 'v1'),
  ('PET-A-015-1', 'CHAIN-A-015', 1, 'rare', '梦砂貘', 163, 345, 14, 10, 2, '/assets/catalog/v1/thumb/pet-a-015-1.webp', '/assets/catalog/v1/detail/pet-a-015-1.webp', 1, 'v1'),
  ('PET-A-015-2', 'CHAIN-A-015', 2, 'epic', '幻沙貘', 164, 795, 70, 45, 6, '/assets/catalog/v1/thumb/pet-a-015-2.webp', '/assets/catalog/v1/detail/pet-a-015-2.webp', 1, 'v1'),
  ('PET-A-015-3', 'CHAIN-A-015', 3, 'legendary', '永梦灵貘', 165, 1750, 160, 240, 18, '/assets/catalog/v1/thumb/pet-a-015-3.webp', '/assets/catalog/v1/detail/pet-a-015-3.webp', 1, 'v1'),
  ('PET-A-016-1', 'CHAIN-A-016', 1, 'rare', '青焰蛇', 166, 348, 14, 10, 2, '/assets/catalog/v1/thumb/pet-a-016-1.webp', '/assets/catalog/v1/detail/pet-a-016-1.webp', 1, 'v1'),
  ('PET-A-016-2', 'CHAIN-A-016', 2, 'epic', '碧炎蟒', 167, 800, 70, 45, 6, '/assets/catalog/v1/thumb/pet-a-016-2.webp', '/assets/catalog/v1/detail/pet-a-016-2.webp', 1, 'v1'),
  ('PET-A-016-3', 'CHAIN-A-016', 3, 'legendary', '苍炎蛇皇', 168, 1760, 160, 240, 18, '/assets/catalog/v1/thumb/pet-a-016-3.webp', '/assets/catalog/v1/detail/pet-a-016-3.webp', 1, 'v1'),
  ('PET-A-017-1', 'CHAIN-A-017', 1, 'rare', '花镜鹿', 169, 351, 14, 10, 2, '/assets/catalog/v1/thumb/pet-a-017-1.webp', '/assets/catalog/v1/detail/pet-a-017-1.webp', 1, 'v1'),
  ('PET-A-017-2', 'CHAIN-A-017', 2, 'epic', '万华鹿', 170, 805, 70, 45, 6, '/assets/catalog/v1/thumb/pet-a-017-2.webp', '/assets/catalog/v1/detail/pet-a-017-2.webp', 1, 'v1'),
  ('PET-A-017-3', 'CHAIN-A-017', 3, 'legendary', '百花圣鹿', 171, 1770, 160, 240, 18, '/assets/catalog/v1/thumb/pet-a-017-3.webp', '/assets/catalog/v1/detail/pet-a-017-3.webp', 1, 'v1'),
  ('PET-A-018-1', 'CHAIN-A-018', 1, 'rare', '磁极熊', 172, 354, 14, 10, 2, '/assets/catalog/v1/thumb/pet-a-018-1.webp', '/assets/catalog/v1/detail/pet-a-018-1.webp', 1, 'v1'),
  ('PET-A-018-2', 'CHAIN-A-018', 2, 'epic', '极光熊', 173, 810, 70, 45, 6, '/assets/catalog/v1/thumb/pet-a-018-2.webp', '/assets/catalog/v1/detail/pet-a-018-2.webp', 1, 'v1'),
  ('PET-A-018-3', 'CHAIN-A-018', 3, 'legendary', '北辰巨熊', 174, 1780, 160, 240, 18, '/assets/catalog/v1/thumb/pet-a-018-3.webp', '/assets/catalog/v1/detail/pet-a-018-3.webp', 1, 'v1'),
  ('PET-A-019-1', 'CHAIN-A-019', 1, 'rare', '镜湖鹅', 175, 357, 14, 10, 2, '/assets/catalog/v1/thumb/pet-a-019-1.webp', '/assets/catalog/v1/detail/pet-a-019-1.webp', 1, 'v1'),
  ('PET-A-019-2', 'CHAIN-A-019', 2, 'epic', '星湖天鹅', 176, 815, 70, 45, 6, '/assets/catalog/v1/thumb/pet-a-019-2.webp', '/assets/catalog/v1/detail/pet-a-019-2.webp', 1, 'v1'),
  ('PET-A-019-3', 'CHAIN-A-019', 3, 'legendary', '星河天鹅', 177, 1790, 160, 240, 18, '/assets/catalog/v1/thumb/pet-a-019-3.webp', '/assets/catalog/v1/detail/pet-a-019-3.webp', 1, 'v1'),
  ('PET-A-020-1', 'CHAIN-A-020', 1, 'rare', '齿轮猫', 178, 360, 14, 10, 2, '/assets/catalog/v1/thumb/pet-a-020-1.webp', '/assets/catalog/v1/detail/pet-a-020-1.webp', 1, 'v1'),
  ('PET-A-020-2', 'CHAIN-A-020', 2, 'epic', '机芯灵猫', 179, 820, 70, 45, 6, '/assets/catalog/v1/thumb/pet-a-020-2.webp', '/assets/catalog/v1/detail/pet-a-020-2.webp', 1, 'v1'),
  ('PET-A-020-3', 'CHAIN-A-020', 3, 'legendary', '天工圣猫', 180, 1800, 160, 240, 18, '/assets/catalog/v1/thumb/pet-a-020-3.webp', '/assets/catalog/v1/detail/pet-a-020-3.webp', 1, 'v1'),
  ('PET-T-001-1', 'CHAIN-T-001', 1, 'epic', '曙星幼龙', 181, 910, 80, 40, 7, '/assets/catalog/v1/thumb/pet-t-001-1.webp', '/assets/catalog/v1/detail/pet-t-001-1.webp', 1, 'v1'),
  ('PET-T-001-2', 'CHAIN-T-001', 2, 'legendary', '天穹星龙', 182, 2220, 180, 200, 20, '/assets/catalog/v1/thumb/pet-t-001-2.webp', '/assets/catalog/v1/detail/pet-t-001-2.webp', 1, 'v1'),
  ('PET-T-001-3', 'CHAIN-T-001', 3, 'mythic', '创界星神龙', 183, 6050, 900, 900, 60, '/assets/catalog/v1/thumb/pet-t-001-3.webp', '/assets/catalog/v1/detail/pet-t-001-3.webp', 1, 'v1'),
  ('PET-T-002-1', 'CHAIN-T-002', 1, 'epic', '虚潮幼鲸', 184, 920, 80, 40, 7, '/assets/catalog/v1/thumb/pet-t-002-1.webp', '/assets/catalog/v1/detail/pet-t-002-1.webp', 1, 'v1'),
  ('PET-T-002-2', 'CHAIN-T-002', 2, 'legendary', '裂界天鲸', 185, 2240, 180, 200, 20, '/assets/catalog/v1/thumb/pet-t-002-2.webp', '/assets/catalog/v1/detail/pet-t-002-2.webp', 1, 'v1'),
  ('PET-T-002-3', 'CHAIN-T-002', 3, 'mythic', '无垠虚空鲸', 186, 6100, 900, 900, 60, '/assets/catalog/v1/thumb/pet-t-002-3.webp', '/assets/catalog/v1/detail/pet-t-002-3.webp', 1, 'v1'),
  ('PET-T-003-1', 'CHAIN-T-003', 1, 'epic', '日冕雏凰', 187, 930, 80, 40, 7, '/assets/catalog/v1/thumb/pet-t-003-1.webp', '/assets/catalog/v1/detail/pet-t-003-1.webp', 1, 'v1'),
  ('PET-T-003-2', 'CHAIN-T-003', 2, 'legendary', '炽天炎凰', 188, 2260, 180, 200, 20, '/assets/catalog/v1/thumb/pet-t-003-2.webp', '/assets/catalog/v1/detail/pet-t-003-2.webp', 1, 'v1'),
  ('PET-T-003-3', 'CHAIN-T-003', 3, 'mythic', '永昼太阳神凰', 189, 6150, 900, 900, 60, '/assets/catalog/v1/thumb/pet-t-003-3.webp', '/assets/catalog/v1/detail/pet-t-003-3.webp', 1, 'v1'),
  ('PET-T-004-1', 'CHAIN-T-004', 1, 'epic', '太阴灵狐', 190, 940, 80, 40, 7, '/assets/catalog/v1/thumb/pet-t-004-1.webp', '/assets/catalog/v1/detail/pet-t-004-1.webp', 1, 'v1'),
  ('PET-T-004-2', 'CHAIN-T-004', 2, 'legendary', '月蚀九尾', 191, 2280, 180, 200, 20, '/assets/catalog/v1/thumb/pet-t-004-2.webp', '/assets/catalog/v1/detail/pet-t-004-2.webp', 1, 'v1'),
  ('PET-T-004-3', 'CHAIN-T-004', 3, 'mythic', '太阴月神狐', 192, 6200, 900, 900, 60, '/assets/catalog/v1/thumb/pet-t-004-3.webp', '/assets/catalog/v1/detail/pet-t-004-3.webp', 1, 'v1'),
  ('PET-T-005-1', 'CHAIN-T-005', 1, 'epic', '纪元幼龟', 193, 950, 80, 40, 7, '/assets/catalog/v1/thumb/pet-t-005-1.webp', '/assets/catalog/v1/detail/pet-t-005-1.webp', 1, 'v1'),
  ('PET-T-005-2', 'CHAIN-T-005', 2, 'legendary', '岁轮玄龟', 194, 2300, 180, 200, 20, '/assets/catalog/v1/thumb/pet-t-005-2.webp', '/assets/catalog/v1/detail/pet-t-005-2.webp', 1, 'v1'),
  ('PET-T-005-3', 'CHAIN-T-005', 3, 'mythic', '万古时轮神龟', 195, 6250, 900, 900, 60, '/assets/catalog/v1/thumb/pet-t-005-3.webp', '/assets/catalog/v1/detail/pet-t-005-3.webp', 1, 'v1'),
  ('PET-T-006-1', 'CHAIN-T-006', 1, 'epic', '混沌幼狮', 196, 960, 80, 40, 7, '/assets/catalog/v1/thumb/pet-t-006-1.webp', '/assets/catalog/v1/detail/pet-t-006-1.webp', 1, 'v1'),
  ('PET-T-006-2', 'CHAIN-T-006', 2, 'legendary', '界王圣狮', 197, 2320, 180, 200, 20, '/assets/catalog/v1/thumb/pet-t-006-2.webp', '/assets/catalog/v1/detail/pet-t-006-2.webp', 1, 'v1'),
  ('PET-T-006-3', 'CHAIN-T-006', 3, 'mythic', '混沌创世神狮', 198, 6300, 900, 900, 60, '/assets/catalog/v1/thumb/pet-t-006-3.webp', '/assets/catalog/v1/detail/pet-t-006-3.webp', 1, 'v1'),
  ('PET-T-007-1', 'CHAIN-T-007', 1, 'epic', '天河幼鹿', 199, 970, 80, 40, 7, '/assets/catalog/v1/thumb/pet-t-007-1.webp', '/assets/catalog/v1/detail/pet-t-007-1.webp', 1, 'v1'),
  ('PET-T-007-2', 'CHAIN-T-007', 2, 'legendary', '银河圣鹿', 200, 2340, 180, 200, 20, '/assets/catalog/v1/thumb/pet-t-007-2.webp', '/assets/catalog/v1/detail/pet-t-007-2.webp', 1, 'v1'),
  ('PET-T-007-3', 'CHAIN-T-007', 3, 'mythic', '森罗宇宙神鹿', 201, 6350, 900, 900, 60, '/assets/catalog/v1/thumb/pet-t-007-3.webp', '/assets/catalog/v1/detail/pet-t-007-3.webp', 1, 'v1'),
  ('PET-T-008-1', 'CHAIN-T-008', 1, 'epic', '霆麟幼兽', 202, 980, 80, 40, 7, '/assets/catalog/v1/thumb/pet-t-008-1.webp', '/assets/catalog/v1/detail/pet-t-008-1.webp', 1, 'v1'),
  ('PET-T-008-2', 'CHAIN-T-008', 2, 'legendary', '九霄雷麟', 203, 2360, 180, 200, 20, '/assets/catalog/v1/thumb/pet-t-008-2.webp', '/assets/catalog/v1/detail/pet-t-008-2.webp', 1, 'v1'),
  ('PET-T-008-3', 'CHAIN-T-008', 3, 'mythic', '万雷天劫麒麟', 204, 6400, 900, 900, 60, '/assets/catalog/v1/thumb/pet-t-008-3.webp', '/assets/catalog/v1/detail/pet-t-008-3.webp', 1, 'v1'),
  ('PET-T-009-1', 'CHAIN-T-009', 1, 'epic', '渊鳞幼蛇', 205, 990, 80, 40, 7, '/assets/catalog/v1/thumb/pet-t-009-1.webp', '/assets/catalog/v1/detail/pet-t-009-1.webp', 1, 'v1'),
  ('PET-T-009-2', 'CHAIN-T-009', 2, 'legendary', '灭界巨蟒', 206, 2380, 180, 200, 20, '/assets/catalog/v1/thumb/pet-t-009-2.webp', '/assets/catalog/v1/detail/pet-t-009-2.webp', 1, 'v1'),
  ('PET-T-009-3', 'CHAIN-T-009', 3, 'mythic', '无光深渊神蛇', 207, 6450, 900, 900, 60, '/assets/catalog/v1/thumb/pet-t-009-3.webp', '/assets/catalog/v1/detail/pet-t-009-3.webp', 1, 'v1'),
  ('PET-T-010-1', 'CHAIN-T-010', 1, 'epic', '法纹幼蝶', 208, 1000, 80, 40, 7, '/assets/catalog/v1/thumb/pet-t-010-1.webp', '/assets/catalog/v1/detail/pet-t-010-1.webp', 1, 'v1'),
  ('PET-T-010-2', 'CHAIN-T-010', 2, 'legendary', '因果天蝶', 209, 2400, 180, 200, 20, '/assets/catalog/v1/thumb/pet-t-010-2.webp', '/assets/catalog/v1/detail/pet-t-010-2.webp', 1, 'v1'),
  ('PET-T-010-3', 'CHAIN-T-010', 3, 'mythic', '命运法则神蝶', 210, 6500, 900, 900, 60, '/assets/catalog/v1/thumb/pet-t-010-3.webp', '/assets/catalog/v1/detail/pet-t-010-3.webp', 1, 'v1');

insert into gacha.boxes (tier, display_name, image_path, single_price, ten_price, pity_limit, pity_rarity, rarity_weights) values
  ('normal', '普通盲盒', '/assets/boxes/normal.webp', 9, 81, 50, 'rare', '{"common":7200,"rare":2500,"epic":300,"legendary":0,"mythic":0}'),
  ('rare', '稀有盲盒', '/assets/boxes/rare.webp', 40, 360, 30, 'epic', '{"common":2000,"rare":5500,"epic":2200,"legendary":300,"mythic":0}'),
  ('legendary', '传说盲盒', '/assets/boxes/legendary.webp', 120, 1080, 15, 'legendary', '{"common":0,"rare":1800,"epic":5500,"legendary":2400,"mythic":300}');

insert into payments.topup_products (amount, sort_order) values (50, 1), (500, 2), (1000, 3), (5000, 4), (10000, 5);

insert into tasks.definitions (code, sort_order, category, display_name, target, reward_fgems) values
  ('gacha_1', 1, 'gacha', '今日开盒 1 次', 1, 20),
  ('gacha_10', 2, 'gacha', '今日开盒 10 次', 10, 80),
  ('gacha_ten', 3, 'gacha', '完成 1 次十连', 1, 50),
  ('wheel_spin', 4, 'daily', '每日转动转盘 1 次', 1, 15),
  ('copy_referral', 5, 'social', '复制邀请链接', 1, 5),
  ('telegram_invite', 6, 'social', '点击 Telegram 邀请', 1, 10),
  ('market_buy', 7, 'market', '市场购买 1 次', 1, 20),
  ('market_list', 8, 'market', '创建出售 1 次', 1, 20),
  ('market_sold', 9, 'market', '成功卖出 1 次', 1, 30),
  ('evolution_success', 10, 'inventory', '进化成功 1 次', 1, 30),
  ('evolution_attempt', 11, 'inventory', '尝试进化 1 次', 1, 10),
  ('decompose', 12, 'inventory', '分解成功 1 次', 1, 20),
  ('expedition_normal', 13, 'expedition', '完成 1 次普通远征', 1, 15),
  ('expedition_intermediate', 14, 'expedition', '完成 1 次中级远征', 1, 25),
  ('expedition_advanced', 15, 'expedition', '完成 1 次高级远征', 1, 40),
  ('album_unlock', 16, 'album', '解锁 1 个新图鉴', 1, 30),
  ('album_chain', 17, 'album', '完成 1 条图鉴链', 1, 100),
  ('wallet_verified', 18, 'wallet', '钱包验证成功', 1, 50),
  ('mint_success', 19, 'mint', '上链成功', 1, 100);
